FIELD,STEP_SEQ,ITEM_NAME,ITEM_GROUP_ID,ITEM_ID,SUB_ITEM_ID,ZONE_ID,ONE_STEP_YN,SPEC_TYPE,Category1,Category2,Category3
ML_MSR_000,EDS_ML,Peri_PB_000,MSRSUM_GOOD,MSR_000,G_AVG,-,N,U,PERI,PB,PB_1
ML_MSR_001,EDS_ML,Peri_PB_001,MSRSUM_GOOD,MSR_001,G_AVG,-,N,U,PERI,PB,PB_1
ML_MSR_002,EDS_ML,Peri_PB_002,MSRSUM_GOOD,MSR_002,G_AVG,-,N,U,PERI,PB,PB_1
ML_MSR_003,EDS_ML,Peri_PB_003,MSRSUM_GOOD,MSR_003,G_AVG,-,N,U,PERI,PB,PB_1
ML_MSR_004,EDS_ML,Peri_PB_004,MSRSUM_GOOD,MSR_004,G_AVG,-,N,U,PERI,PB,PB_1
ML_MSR_005,EDS_ML,Peri_PB_005,MSRSUM_GOOD,MSR_005,G_AVG,-,N,U,PERI,PB,PB_1
ML_MSR_006,EDS_ML,Peri_PB_006,MSRSUM_GOOD,MSR_006,G_AVG,-,N,U,PERI,PB,PB_1
ML_MSR_007,EDS_ML,Peri_PB_007,MSRSUM_GOOD,MSR_007,G_AVG,-,N,U,PERI,PB,PB_1
ML_MSR_008,EDS_ML,Peri_PB_008,MSRSUM_GOOD,MSR_008,G_AVG,-,N,U,PERI,PB,PB_1
ML_MSR_009,EDS_ML,Peri_PB_009,MSRSUM_GOOD,MSR_009,G_AVG,-,N,U,PERI,PB,PB_1
ML_MSR_010,EDS_ML,Peri_PB_010,MSRSUM_GOOD,MSR_010,G_AVG,-,N,N,PERI,PB,PB_1
ML_MSR_011,EDS_ML,Peri_PB_011,MSRSUM_GOOD,MSR_011,G_AVG,-,N,N,PERI,PB,PB_1
ML_MSR_012,EDS_ML,Peri_PB_012,MSRSUM_GOOD,MSR_012,G_AVG,-,N,N,PERI,PB,PB_1
ML_MSR_013,EDS_ML,Peri_PB_013,MSRSUM_GOOD,MSR_013,G_AVG,-,N,N,PERI,PB,PB_1
ML_MSR_014,EDS_ML,Peri_PB_014,MSRSUM_GOOD,MSR_014,G_AVG,-,N,N,PERI,PB,PB_1
ML_MSR_015,EDS_ML,Peri_PB_015,MSRSUM_GOOD,MSR_015,G_AVG,-,N,N,PERI,PB,PB_1
ML_MSR_016,EDS_ML,Peri_PB_016,MSRSUM_GOOD,MSR_016,G_AVG,-,N,N,PERI,PB,PB_1
ML_MSR_017,EDS_ML,Peri_PB_017,MSRSUM_GOOD,MSR_017,G_AVG,-,N,N,PERI,PB,PB_1
ML_MSR_018,EDS_ML,Peri_PB_018,MSRSUM_GOOD,MSR_018,G_AVG,-,N,N,PERI,PB,PB_1
ML_MSR_019,EDS_ML,Peri_PB_019,MSRSUM_GOOD,MSR_019,G_AVG,-,N,N,PERI,PB,PB_1
ML_MSR_020,EDS_ML,Peri_PB_020,MSRSUM_GOOD,MSR_020,G_AVG,-,N,D,PERI,PB,PB_1
ML_MSR_021,EDS_ML,Peri_PB_021,MSRSUM_GOOD,MSR_021,G_AVG,-,N,D,PERI,PB,PB_1
ML_MSR_022,EDS_ML,Peri_PB_022,MSRSUM_GOOD,MSR_022,G_AVG,-,N,D,PERI,PB,PB_1
ML_MSR_023,EDS_ML,Peri_PB_023,MSRSUM_GOOD,MSR_023,G_AVG,-,N,D,PERI,PB,PB_1
ML_MSR_024,EDS_ML,Peri_PB_024,MSRSUM_GOOD,MSR_024,G_AVG,-,N,D,PERI,PB,PB_1
ML_MSR_025,EDS_ML,Peri_PB_025,MSRSUM_GOOD,MSR_025,G_AVG,-,N,D,PERI,PB,PB_2
ML_MSR_026,EDS_ML,Peri_PB_026,MSRSUM_GOOD,MSR_026,G_AVG,-,N,D,PERI,PB,PB_2
ML_MSR_027,EDS_ML,Peri_PB_027,MSRSUM_GOOD,MSR_027,G_AVG,-,N,D,PERI,PB,PB_2
ML_MSR_028,EDS_ML,Peri_PB_028,MSRSUM_GOOD,MSR_028,G_AVG,-,N,D,PERI,PB,PB_2
ML_MSR_029,EDS_ML,Peri_PB_029,MSRSUM_GOOD,MSR_029,G_AVG,-,N,D,PERI,PB,PB_2
ML_MSR_030,EDS_ML,Peri_PB_030,MSRSUM_GOOD,MSR_030,G_AVG,-,N,U,PERI,PB,PB_2
ML_MSR_031,EDS_ML,Peri_PB_031,MSRSUM_GOOD,MSR_031,G_AVG,-,N,U,PERI,PB,PB_2
ML_MSR_032,EDS_ML,Peri_PB_032,MSRSUM_GOOD,MSR_032,G_AVG,-,N,U,PERI,PB,PB_2
ML_MSR_033,EDS_ML,Peri_PB_033,MSRSUM_GOOD,MSR_033,G_AVG,-,N,U,PERI,PB,PB_2
ML_MSR_034,EDS_ML,Peri_PB_034,MSRSUM_GOOD,MSR_034,G_AVG,-,N,U,PERI,PB,PB_2
ML_MSR_035,EDS_ML,Peri_PB_035,MSRSUM_GOOD,MSR_035,G_AVG,-,N,U,PERI,PB,PB_2
ML_MSR_036,EDS_ML,Peri_PB_036,MSRSUM_GOOD,MSR_036,G_AVG,-,N,U,PERI,PB,PB_2
ML_MSR_037,EDS_ML,Peri_PB_037,MSRSUM_GOOD,MSR_037,G_AVG,-,N,U,PERI,PB,PB_2
ML_MSR_038,EDS_ML,Peri_PB_038,MSRSUM_GOOD,MSR_038,G_AVG,-,N,U,PERI,PB,PB_2
ML_MSR_039,EDS_ML,Peri_PB_039,MSRSUM_GOOD,MSR_039,G_AVG,-,N,U,PERI,PB,PB_2
ML_MSR_040,EDS_ML,Peri_PB_040,MSRSUM_GOOD,MSR_040,G_AVG,-,N,N,PERI,PB,PB_2
ML_MSR_041,EDS_ML,Peri_PB_041,MSRSUM_GOOD,MSR_041,G_AVG,-,N,N,PERI,PB,PB_2
ML_MSR_042,EDS_ML,Peri_PB_042,MSRSUM_GOOD,MSR_042,G_AVG,-,N,N,PERI,PB,PB_2
ML_MSR_043,EDS_ML,Peri_PB_043,MSRSUM_GOOD,MSR_043,G_AVG,-,N,N,PERI,PB,PB_2
ML_MSR_044,EDS_ML,Peri_PB_044,MSRSUM_GOOD,MSR_044,G_AVG,-,N,N,PERI,PB,PB_2
ML_MSR_045,EDS_ML,Peri_PB_045,MSRSUM_GOOD,MSR_045,G_AVG,-,N,N,PERI,PB,PB_2
ML_MSR_046,EDS_ML,Peri_PB_046,MSRSUM_GOOD,MSR_046,G_AVG,-,N,N,PERI,PB,PB_2
ML_MSR_047,EDS_ML,Peri_PB_047,MSRSUM_GOOD,MSR_047,G_AVG,-,N,N,PERI,PB,PB_2
ML_MSR_048,EDS_ML,Peri_PB_048,MSRSUM_GOOD,MSR_048,G_AVG,-,N,N,PERI,PB,PB_2
ML_MSR_049,EDS_ML,Peri_PB_049,MSRSUM_GOOD,MSR_049,G_AVG,-,N,N,PERI,PB,PB_2
ML_MSR_050,EDS_ML,Peri_PB_050,MSRSUM_GOOD,MSR_050,G_AVG,-,N,D,PERI,PB,PB_3
ML_MSR_051,EDS_ML,Peri_PB_051,MSRSUM_GOOD,MSR_051,G_AVG,-,N,D,PERI,PB,PB_3
ML_MSR_052,EDS_ML,Peri_PB_052,MSRSUM_GOOD,MSR_052,G_AVG,-,N,D,PERI,PB,PB_3
ML_MSR_053,EDS_ML,Peri_PB_053,MSRSUM_GOOD,MSR_053,G_AVG,-,N,D,PERI,PB,PB_3
ML_MSR_054,EDS_ML,Peri_PB_054,MSRSUM_GOOD,MSR_054,G_AVG,-,N,D,PERI,PB,PB_3
ML_MSR_055,EDS_ML,Peri_PB_055,MSRSUM_GOOD,MSR_055,G_AVG,-,N,D,PERI,PB,PB_3
ML_MSR_056,EDS_ML,Peri_PB_056,MSRSUM_GOOD,MSR_056,G_AVG,-,N,D,PERI,PB,PB_3
ML_MSR_057,EDS_ML,Peri_PB_057,MSRSUM_GOOD,MSR_057,G_AVG,-,N,D,PERI,PB,PB_3
ML_MSR_058,EDS_ML,Peri_PB_058,MSRSUM_GOOD,MSR_058,G_AVG,-,N,D,PERI,PB,PB_3
ML_MSR_059,EDS_ML,Peri_PB_059,MSRSUM_GOOD,MSR_059,G_AVG,-,N,D,PERI,PB,PB_3
ML_MSR_060,EDS_ML,Peri_PB_060,MSRSUM_GOOD,MSR_060,G_AVG,-,N,U,PERI,PB,PB_3
ML_MSR_061,EDS_ML,Peri_PB_061,MSRSUM_GOOD,MSR_061,G_AVG,-,N,U,PERI,PB,PB_3
ML_MSR_062,EDS_ML,Peri_PB_062,MSRSUM_GOOD,MSR_062,G_AVG,-,N,U,PERI,PB,PB_3
ML_MSR_063,EDS_ML,Peri_PB_063,MSRSUM_GOOD,MSR_063,G_AVG,-,N,U,PERI,PB,PB_3
ML_MSR_064,EDS_ML,Peri_PB_064,MSRSUM_GOOD,MSR_064,G_AVG,-,N,U,PERI,PB,PB_3
ML_MSR_065,EDS_ML,Peri_PB_065,MSRSUM_GOOD,MSR_065,G_AVG,-,N,U,PERI,PB,PB_3
ML_MSR_066,EDS_ML,Peri_PB_066,MSRSUM_GOOD,MSR_066,G_AVG,-,N,U,PERI,PB,PB_3
ML_MSR_067,EDS_ML,Peri_PB_067,MSRSUM_GOOD,MSR_067,G_AVG,-,N,U,PERI,PB,PB_3
ML_MSR_068,EDS_ML,Peri_PB_068,MSRSUM_GOOD,MSR_068,G_AVG,-,N,U,PERI,PB,PB_3
ML_MSR_069,EDS_ML,Peri_PB_069,MSRSUM_GOOD,MSR_069,G_AVG,-,N,U,PERI,PB,PB_3
ML_MSR_070,EDS_ML,Peri_PB_070,MSRSUM_GOOD,MSR_070,G_AVG,-,N,N,PERI,PB,PB_3
ML_MSR_071,EDS_ML,Peri_PB_071,MSRSUM_GOOD,MSR_071,G_AVG,-,N,N,PERI,PB,PB_3
ML_MSR_072,EDS_ML,Peri_PB_072,MSRSUM_GOOD,MSR_072,G_AVG,-,N,N,PERI,PB,PB_3
ML_MSR_073,EDS_ML,Peri_PB_073,MSRSUM_GOOD,MSR_073,G_AVG,-,N,N,PERI,PB,PB_3
ML_MSR_074,EDS_ML,Peri_PB_074,MSRSUM_GOOD,MSR_074,G_AVG,-,N,N,PERI,PB,PB_3
ML_MSR_075,EDS_ML,Peri_BL_075,MSRSUM_GOOD,MSR_075,G_AVG,-,N,N,PERI,BL,BL_1
ML_MSR_076,EDS_ML,Peri_BL_076,MSRSUM_GOOD,MSR_076,G_AVG,-,N,N,PERI,BL,BL_1
ML_MSR_077,EDS_ML,Peri_BL_077,MSRSUM_GOOD,MSR_077,G_AVG,-,N,N,PERI,BL,BL_1
ML_MSR_078,EDS_ML,Peri_BL_078,MSRSUM_GOOD,MSR_078,G_AVG,-,N,N,PERI,BL,BL_1
ML_MSR_079,EDS_ML,Peri_BL_079,MSRSUM_GOOD,MSR_079,G_AVG,-,N,N,PERI,BL,BL_1
ML_MSR_080,EDS_ML,Peri_BL_080,MSRSUM_GOOD,MSR_080,G_AVG,-,N,D,PERI,BL,BL_1
ML_MSR_081,EDS_ML,Peri_BL_081,MSRSUM_GOOD,MSR_081,G_AVG,-,N,D,PERI,BL,BL_1
ML_MSR_082,EDS_ML,Peri_BL_082,MSRSUM_GOOD,MSR_082,G_AVG,-,N,D,PERI,BL,BL_1
ML_MSR_083,EDS_ML,Peri_BL_083,MSRSUM_GOOD,MSR_083,G_AVG,-,N,D,PERI,BL,BL_1
ML_MSR_084,EDS_ML,Peri_BL_084,MSRSUM_GOOD,MSR_084,G_AVG,-,N,D,PERI,BL,BL_1
ML_MSR_085,EDS_ML,Peri_BL_085,MSRSUM_GOOD,MSR_085,G_AVG,-,N,D,PERI,BL,BL_1
ML_MSR_086,EDS_ML,Peri_BL_086,MSRSUM_GOOD,MSR_086,G_AVG,-,N,D,PERI,BL,BL_1
ML_MSR_087,EDS_ML,Peri_BL_087,MSRSUM_GOOD,MSR_087,G_AVG,-,N,D,PERI,BL,BL_1
ML_MSR_088,EDS_ML,Peri_BL_088,MSRSUM_GOOD,MSR_088,G_AVG,-,N,D,PERI,BL,BL_1
ML_MSR_089,EDS_ML,Peri_BL_089,MSRSUM_GOOD,MSR_089,G_AVG,-,N,D,PERI,BL,BL_1
ML_MSR_090,EDS_ML,Peri_BL_090,MSRSUM_GOOD,MSR_090,G_AVG,-,N,U,PERI,BL,BL_1
ML_MSR_091,EDS_ML,Peri_BL_091,MSRSUM_GOOD,MSR_091,G_AVG,-,N,U,PERI,BL,BL_1
ML_MSR_092,EDS_ML,Peri_BL_092,MSRSUM_GOOD,MSR_092,G_AVG,-,N,U,PERI,BL,BL_1
ML_MSR_093,EDS_ML,Peri_BL_093,MSRSUM_GOOD,MSR_093,G_AVG,-,N,U,PERI,BL,BL_1
ML_MSR_094,EDS_ML,Peri_BL_094,MSRSUM_GOOD,MSR_094,G_AVG,-,N,U,PERI,BL,BL_1
ML_MSR_095,EDS_ML,Peri_BL_095,MSRSUM_GOOD,MSR_095,G_AVG,-,N,U,PERI,BL,BL_1
ML_MSR_096,EDS_ML,Peri_BL_096,MSRSUM_GOOD,MSR_096,G_AVG,-,N,U,PERI,BL,BL_1
ML_MSR_097,EDS_ML,Peri_BL_097,MSRSUM_GOOD,MSR_097,G_AVG,-,N,U,PERI,BL,BL_1
ML_MSR_098,EDS_ML,Peri_BL_098,MSRSUM_GOOD,MSR_098,G_AVG,-,N,U,PERI,BL,BL_1
ML_MSR_099,EDS_ML,Peri_BL_099,MSRSUM_GOOD,MSR_099,G_AVG,-,N,U,PERI,BL,BL_1
ML_MSR_100,EDS_ML,Peri_BL_100,MSRSUM_GOOD,MSR_100,G_AVG,-,N,N,PERI,BL,BL_2
ML_MSR_101,EDS_ML,Peri_BL_101,MSRSUM_GOOD,MSR_101,G_AVG,-,N,N,PERI,BL,BL_2
ML_MSR_102,EDS_ML,Peri_BL_102,MSRSUM_GOOD,MSR_102,G_AVG,-,N,N,PERI,BL,BL_2
ML_MSR_103,EDS_ML,Peri_BL_103,MSRSUM_GOOD,MSR_103,G_AVG,-,N,N,PERI,BL,BL_2
ML_MSR_104,EDS_ML,Peri_BL_104,MSRSUM_GOOD,MSR_104,G_AVG,-,N,N,PERI,BL,BL_2
ML_MSR_105,EDS_ML,Peri_BL_105,MSRSUM_GOOD,MSR_105,G_AVG,-,N,N,PERI,BL,BL_2
ML_MSR_106,EDS_ML,Peri_BL_106,MSRSUM_GOOD,MSR_106,G_AVG,-,N,N,PERI,BL,BL_2
ML_MSR_107,EDS_ML,Peri_BL_107,MSRSUM_GOOD,MSR_107,G_AVG,-,N,N,PERI,BL,BL_2
ML_MSR_108,EDS_ML,Peri_BL_108,MSRSUM_GOOD,MSR_108,G_AVG,-,N,N,PERI,BL,BL_2
ML_MSR_109,EDS_ML,Peri_BL_109,MSRSUM_GOOD,MSR_109,G_AVG,-,N,N,PERI,BL,BL_2
ML_MSR_110,EDS_ML,Peri_BL_110,MSRSUM_GOOD,MSR_110,G_AVG,-,N,D,PERI,BL,BL_2
ML_MSR_111,EDS_ML,Peri_BL_111,MSRSUM_GOOD,MSR_111,G_AVG,-,N,D,PERI,BL,BL_2
ML_MSR_112,EDS_ML,Peri_BL_112,MSRSUM_GOOD,MSR_112,G_AVG,-,N,D,PERI,BL,BL_2
ML_MSR_113,EDS_ML,Peri_BL_113,MSRSUM_GOOD,MSR_113,G_AVG,-,N,D,PERI,BL,BL_2
ML_MSR_114,EDS_ML,Peri_BL_114,MSRSUM_GOOD,MSR_114,G_AVG,-,N,D,PERI,BL,BL_2
ML_MSR_115,EDS_ML,Peri_BL_115,MSRSUM_GOOD,MSR_115,G_AVG,-,N,D,PERI,BL,BL_2
ML_MSR_116,EDS_ML,Peri_BL_116,MSRSUM_GOOD,MSR_116,G_AVG,-,N,D,PERI,BL,BL_2
ML_MSR_117,EDS_ML,Peri_BL_117,MSRSUM_GOOD,MSR_117,G_AVG,-,N,D,PERI,BL,BL_2
ML_MSR_118,EDS_ML,Peri_BL_118,MSRSUM_GOOD,MSR_118,G_AVG,-,N,D,PERI,BL,BL_2
ML_MSR_119,EDS_ML,Peri_BL_119,MSRSUM_GOOD,MSR_119,G_AVG,-,N,D,PERI,BL,BL_2
ML_MSR_120,EDS_ML,Peri_BL_120,MSRSUM_GOOD,MSR_120,G_AVG,-,N,U,PERI,BL,BL_2
ML_MSR_121,EDS_ML,Peri_BL_121,MSRSUM_GOOD,MSR_121,G_AVG,-,N,U,PERI,BL,BL_2
ML_MSR_122,EDS_ML,Peri_BL_122,MSRSUM_GOOD,MSR_122,G_AVG,-,N,U,PERI,BL,BL_2
ML_MSR_123,EDS_ML,Peri_BL_123,MSRSUM_GOOD,MSR_123,G_AVG,-,N,U,PERI,BL,BL_2
ML_MSR_124,EDS_ML,Peri_BL_124,MSRSUM_GOOD,MSR_124,G_AVG,-,N,U,PERI,BL,BL_2
ML_MSR_125,EDS_ML,Peri_BL_125,MSRSUM_GOOD,MSR_125,G_AVG,-,N,U,PERI,BL,BL_3
ML_MSR_126,EDS_ML,Peri_BL_126,MSRSUM_GOOD,MSR_126,G_AVG,-,N,U,PERI,BL,BL_3
ML_MSR_127,EDS_ML,Peri_BL_127,MSRSUM_GOOD,MSR_127,G_AVG,-,N,U,PERI,BL,BL_3
ML_MSR_128,EDS_ML,Peri_BL_128,MSRSUM_GOOD,MSR_128,G_AVG,-,N,U,PERI,BL,BL_3
ML_MSR_129,EDS_ML,Peri_BL_129,MSRSUM_GOOD,MSR_129,G_AVG,-,N,U,PERI,BL,BL_3
ML_MSR_130,EDS_ML,Peri_BL_130,MSRSUM_GOOD,MSR_130,G_AVG,-,N,N,PERI,BL,BL_3
ML_MSR_131,EDS_ML,Peri_BL_131,MSRSUM_GOOD,MSR_131,G_AVG,-,N,N,PERI,BL,BL_3
ML_MSR_132,EDS_ML,Peri_BL_132,MSRSUM_GOOD,MSR_132,G_AVG,-,N,N,PERI,BL,BL_3
ML_MSR_133,EDS_ML,Peri_BL_133,MSRSUM_GOOD,MSR_133,G_AVG,-,N,N,PERI,BL,BL_3
ML_MSR_134,EDS_ML,Peri_BL_134,MSRSUM_GOOD,MSR_134,G_AVG,-,N,N,PERI,BL,BL_3
ML_MSR_135,EDS_ML,Peri_BL_135,MSRSUM_GOOD,MSR_135,G_AVG,-,N,N,PERI,BL,BL_3
ML_MSR_136,EDS_ML,Peri_BL_136,MSRSUM_GOOD,MSR_136,G_AVG,-,N,N,PERI,BL,BL_3
ML_MSR_137,EDS_ML,Peri_BL_137,MSRSUM_GOOD,MSR_137,G_AVG,-,N,N,PERI,BL,BL_3
ML_MSR_138,EDS_ML,Peri_BL_138,MSRSUM_GOOD,MSR_138,G_AVG,-,N,N,PERI,BL,BL_3
ML_MSR_139,EDS_ML,Peri_BL_139,MSRSUM_GOOD,MSR_139,G_AVG,-,N,N,PERI,BL,BL_3
ML_MSR_140,EDS_ML,Peri_BL_140,MSRSUM_GOOD,MSR_140,G_AVG,-,N,D,PERI,BL,BL_3
ML_MSR_141,EDS_ML,Peri_BL_141,MSRSUM_GOOD,MSR_141,G_AVG,-,N,D,PERI,BL,BL_3
ML_MSR_142,EDS_ML,Peri_BL_142,MSRSUM_GOOD,MSR_142,G_AVG,-,N,D,PERI,BL,BL_3
ML_MSR_143,EDS_ML,Peri_BL_143,MSRSUM_GOOD,MSR_143,G_AVG,-,N,D,PERI,BL,BL_3
ML_MSR_144,EDS_ML,Peri_BL_144,MSRSUM_GOOD,MSR_144,G_AVG,-,N,D,PERI,BL,BL_3
ML_MSR_145,EDS_ML,Peri_BL_145,MSRSUM_GOOD,MSR_145,G_AVG,-,N,D,PERI,BL,BL_3
ML_MSR_146,EDS_ML,Peri_BL_146,MSRSUM_GOOD,MSR_146,G_AVG,-,N,D,PERI,BL,BL_3
ML_MSR_147,EDS_ML,Peri_BL_147,MSRSUM_GOOD,MSR_147,G_AVG,-,N,D,PERI,BL,BL_3
ML_MSR_148,EDS_ML,Peri_BL_148,MSRSUM_GOOD,MSR_148,G_AVG,-,N,D,PERI,BL,BL_3
ML_MSR_149,EDS_ML,Peri_BL_149,MSRSUM_GOOD,MSR_149,G_AVG,-,N,D,PERI,BL,BL_3
ML_MSR_150,EDS_ML,Cell_WLS_150,MSRSUM_GOOD,MSR_150,G_AVG,-,N,U,CELL,WLS,WLS_1
ML_MSR_151,EDS_ML,Cell_WLS_151,MSRSUM_GOOD,MSR_151,G_AVG,-,N,U,CELL,WLS,WLS_1
ML_MSR_152,EDS_ML,Cell_WLS_152,MSRSUM_GOOD,MSR_152,G_AVG,-,N,U,CELL,WLS,WLS_1
ML_MSR_153,EDS_ML,Cell_WLS_153,MSRSUM_GOOD,MSR_153,G_AVG,-,N,U,CELL,WLS,WLS_1
ML_MSR_154,EDS_ML,Cell_WLS_154,MSRSUM_GOOD,MSR_154,G_AVG,-,N,U,CELL,WLS,WLS_1
ML_MSR_155,EDS_ML,Cell_WLS_155,MSRSUM_GOOD,MSR_155,G_AVG,-,N,U,CELL,WLS,WLS_1
ML_MSR_156,EDS_ML,Cell_WLS_156,MSRSUM_GOOD,MSR_156,G_AVG,-,N,U,CELL,WLS,WLS_1
ML_MSR_157,EDS_ML,Cell_WLS_157,MSRSUM_GOOD,MSR_157,G_AVG,-,N,U,CELL,WLS,WLS_1
ML_MSR_158,EDS_ML,Cell_WLS_158,MSRSUM_GOOD,MSR_158,G_AVG,-,N,U,CELL,WLS,WLS_1
ML_MSR_159,EDS_ML,Cell_WLS_159,MSRSUM_GOOD,MSR_159,G_AVG,-,N,U,CELL,WLS,WLS_1
ML_MSR_160,EDS_ML,Cell_WLS_160,MSRSUM_GOOD,MSR_160,G_AVG,-,N,N,CELL,WLS,WLS_1
ML_MSR_161,EDS_ML,Cell_WLS_161,MSRSUM_GOOD,MSR_161,G_AVG,-,N,N,CELL,WLS,WLS_1
ML_MSR_162,EDS_ML,Cell_WLS_162,MSRSUM_GOOD,MSR_162,G_AVG,-,N,N,CELL,WLS,WLS_1
ML_MSR_163,EDS_ML,Cell_WLS_163,MSRSUM_GOOD,MSR_163,G_AVG,-,N,N,CELL,WLS,WLS_1
ML_MSR_164,EDS_ML,Cell_WLS_164,MSRSUM_GOOD,MSR_164,G_AVG,-,N,N,CELL,WLS,WLS_1
ML_MSR_165,EDS_ML,Cell_WLS_165,MSRSUM_GOOD,MSR_165,G_AVG,-,N,N,CELL,WLS,WLS_1
ML_MSR_166,EDS_ML,Cell_WLS_166,MSRSUM_GOOD,MSR_166,G_AVG,-,N,N,CELL,WLS,WLS_1
ML_MSR_167,EDS_ML,Cell_WLS_167,MSRSUM_GOOD,MSR_167,G_AVG,-,N,N,CELL,WLS,WLS_1
ML_MSR_168,EDS_ML,Cell_WLS_168,MSRSUM_GOOD,MSR_168,G_AVG,-,N,N,CELL,WLS,WLS_1
ML_MSR_169,EDS_ML,Cell_WLS_169,MSRSUM_GOOD,MSR_169,G_AVG,-,N,N,CELL,WLS,WLS_1
ML_MSR_170,EDS_ML,Cell_WLS_170,MSRSUM_GOOD,MSR_170,G_AVG,-,N,D,CELL,WLS,WLS_1
ML_MSR_171,EDS_ML,Cell_WLS_171,MSRSUM_GOOD,MSR_171,G_AVG,-,N,D,CELL,WLS,WLS_1
ML_MSR_172,EDS_ML,Cell_WLS_172,MSRSUM_GOOD,MSR_172,G_AVG,-,N,D,CELL,WLS,WLS_1
ML_MSR_173,EDS_ML,Cell_WLS_173,MSRSUM_GOOD,MSR_173,G_AVG,-,N,D,CELL,WLS,WLS_1
ML_MSR_174,EDS_ML,Cell_WLS_174,MSRSUM_GOOD,MSR_174,G_AVG,-,N,D,CELL,WLS,WLS_1
ML_MSR_175,EDS_ML,Cell_WLS_175,MSRSUM_GOOD,MSR_175,G_AVG,-,N,D,CELL,WLS,WLS_2
ML_MSR_176,EDS_ML,Cell_WLS_176,MSRSUM_GOOD,MSR_176,G_AVG,-,N,D,CELL,WLS,WLS_2
ML_MSR_177,EDS_ML,Cell_WLS_177,MSRSUM_GOOD,MSR_177,G_AVG,-,N,D,CELL,WLS,WLS_2
ML_MSR_178,EDS_ML,Cell_WLS_178,MSRSUM_GOOD,MSR_178,G_AVG,-,N,D,CELL,WLS,WLS_2
ML_MSR_179,EDS_ML,Cell_WLS_179,MSRSUM_GOOD,MSR_179,G_AVG,-,N,D,CELL,WLS,WLS_2
ML_MSR_180,EDS_ML,Cell_WLS_180,MSRSUM_GOOD,MSR_180,G_AVG,-,N,U,CELL,WLS,WLS_2
ML_MSR_181,EDS_ML,Cell_WLS_181,MSRSUM_GOOD,MSR_181,G_AVG,-,N,U,CELL,WLS,WLS_2
ML_MSR_182,EDS_ML,Cell_WLS_182,MSRSUM_GOOD,MSR_182,G_AVG,-,N,U,CELL,WLS,WLS_2
ML_MSR_183,EDS_ML,Cell_WLS_183,MSRSUM_GOOD,MSR_183,G_AVG,-,N,U,CELL,WLS,WLS_2
ML_MSR_184,EDS_ML,Cell_WLS_184,MSRSUM_GOOD,MSR_184,G_AVG,-,N,U,CELL,WLS,WLS_2
ML_MSR_185,EDS_ML,Cell_WLS_185,MSRSUM_GOOD,MSR_185,G_AVG,-,N,U,CELL,WLS,WLS_2
ML_MSR_186,EDS_ML,Cell_WLS_186,MSRSUM_GOOD,MSR_186,G_AVG,-,N,U,CELL,WLS,WLS_2
ML_MSR_187,EDS_ML,Cell_WLS_187,MSRSUM_GOOD,MSR_187,G_AVG,-,N,U,CELL,WLS,WLS_2
ML_MSR_188,EDS_ML,Cell_WLS_188,MSRSUM_GOOD,MSR_188,G_AVG,-,N,U,CELL,WLS,WLS_2
ML_MSR_189,EDS_ML,Cell_WLS_189,MSRSUM_GOOD,MSR_189,G_AVG,-,N,U,CELL,WLS,WLS_2
ML_MSR_190,EDS_ML,Cell_WLS_190,MSRSUM_GOOD,MSR_190,G_AVG,-,N,N,CELL,WLS,WLS_2
ML_MSR_191,EDS_ML,Cell_WLS_191,MSRSUM_GOOD,MSR_191,G_AVG,-,N,N,CELL,WLS,WLS_2
ML_MSR_192,EDS_ML,Cell_WLS_192,MSRSUM_GOOD,MSR_192,G_AVG,-,N,N,CELL,WLS,WLS_2
ML_MSR_193,EDS_ML,Cell_WLS_193,MSRSUM_GOOD,MSR_193,G_AVG,-,N,N,CELL,WLS,WLS_2
ML_MSR_194,EDS_ML,Cell_WLS_194,MSRSUM_GOOD,MSR_194,G_AVG,-,N,N,CELL,WLS,WLS_2
ML_MSR_195,EDS_ML,Cell_WLS_195,MSRSUM_GOOD,MSR_195,G_AVG,-,N,N,CELL,WLS,WLS_2
ML_MSR_196,EDS_ML,Cell_WLS_196,MSRSUM_GOOD,MSR_196,G_AVG,-,N,N,CELL,WLS,WLS_2
ML_MSR_197,EDS_ML,Cell_WLS_197,MSRSUM_GOOD,MSR_197,G_AVG,-,N,N,CELL,WLS,WLS_2
ML_MSR_198,EDS_ML,Cell_WLS_198,MSRSUM_GOOD,MSR_198,G_AVG,-,N,N,CELL,WLS,WLS_2
ML_MSR_199,EDS_ML,Cell_WLS_199,MSRSUM_GOOD,MSR_199,G_AVG,-,N,N,CELL,WLS,WLS_2
ML_MSR_200,EDS_ML,Cell_TCMC_200,MSRSUM_GOOD,MSR_200,G_AVG,-,N,D,CELL,TCMC,TCMC_1
ML_MSR_201,EDS_ML,Cell_TCMC_201,MSRSUM_GOOD,MSR_201,G_AVG,-,N,D,CELL,TCMC,TCMC_1
ML_MSR_202,EDS_ML,Cell_TCMC_202,MSRSUM_GOOD,MSR_202,G_AVG,-,N,D,CELL,TCMC,TCMC_1
ML_MSR_203,EDS_ML,Cell_TCMC_203,MSRSUM_GOOD,MSR_203,G_AVG,-,N,D,CELL,TCMC,TCMC_1
ML_MSR_204,EDS_ML,Cell_TCMC_204,MSRSUM_GOOD,MSR_204,G_AVG,-,N,D,CELL,TCMC,TCMC_1
ML_MSR_205,EDS_ML,Cell_TCMC_205,MSRSUM_GOOD,MSR_205,G_AVG,-,N,D,CELL,TCMC,TCMC_1
ML_MSR_206,EDS_ML,Cell_TCMC_206,MSRSUM_GOOD,MSR_206,G_AVG,-,N,D,CELL,TCMC,TCMC_1
ML_MSR_207,EDS_ML,Cell_TCMC_207,MSRSUM_GOOD,MSR_207,G_AVG,-,N,D,CELL,TCMC,TCMC_1
ML_MSR_208,EDS_ML,Cell_TCMC_208,MSRSUM_GOOD,MSR_208,G_AVG,-,N,D,CELL,TCMC,TCMC_1
ML_MSR_209,EDS_ML,Cell_TCMC_209,MSRSUM_GOOD,MSR_209,G_AVG,-,N,D,CELL,TCMC,TCMC_1
ML_MSR_210,EDS_ML,Cell_TCMC_210,MSRSUM_GOOD,MSR_210,G_AVG,-,N,U,CELL,TCMC,TCMC_1
ML_MSR_211,EDS_ML,Cell_TCMC_211,MSRSUM_GOOD,MSR_211,G_AVG,-,N,U,CELL,TCMC,TCMC_1
ML_MSR_212,EDS_ML,Cell_TCMC_212,MSRSUM_GOOD,MSR_212,G_AVG,-,N,U,CELL,TCMC,TCMC_1
ML_MSR_213,EDS_ML,Cell_TCMC_213,MSRSUM_GOOD,MSR_213,G_AVG,-,N,U,CELL,TCMC,TCMC_1
ML_MSR_214,EDS_ML,Cell_TCMC_214,MSRSUM_GOOD,MSR_214,G_AVG,-,N,U,CELL,TCMC,TCMC_1
ML_MSR_215,EDS_ML,Cell_TCMC_215,MSRSUM_GOOD,MSR_215,G_AVG,-,N,U,CELL,TCMC,TCMC_1
ML_MSR_216,EDS_ML,Cell_TCMC_216,MSRSUM_GOOD,MSR_216,G_AVG,-,N,U,CELL,TCMC,TCMC_1
ML_MSR_217,EDS_ML,Cell_TCMC_217,MSRSUM_GOOD,MSR_217,G_AVG,-,N,U,CELL,TCMC,TCMC_1
ML_MSR_218,EDS_ML,Cell_TCMC_218,MSRSUM_GOOD,MSR_218,G_AVG,-,N,U,CELL,TCMC,TCMC_1
ML_MSR_219,EDS_ML,Cell_TCMC_219,MSRSUM_GOOD,MSR_219,G_AVG,-,N,U,CELL,TCMC,TCMC_1
ML_MSR_220,EDS_ML,Cell_TCMC_220,MSRSUM_GOOD,MSR_220,G_AVG,-,N,N,CELL,TCMC,TCMC_1
ML_MSR_221,EDS_ML,Cell_TCMC_221,MSRSUM_GOOD,MSR_221,G_AVG,-,N,N,CELL,TCMC,TCMC_1
ML_MSR_222,EDS_ML,Cell_TCMC_222,MSRSUM_GOOD,MSR_222,G_AVG,-,N,N,CELL,TCMC,TCMC_1
ML_MSR_223,EDS_ML,Cell_TCMC_223,MSRSUM_GOOD,MSR_223,G_AVG,-,N,N,CELL,TCMC,TCMC_1
ML_MSR_224,EDS_ML,Cell_TCMC_224,MSRSUM_GOOD,MSR_224,G_AVG,-,N,N,CELL,TCMC,TCMC_1
ML_MSR_225,EDS_ML,Cell_TCMC_225,MSRSUM_GOOD,MSR_225,G_AVG,-,N,N,CELL,TCMC,TCMC_2
ML_MSR_226,EDS_ML,Cell_TCMC_226,MSRSUM_GOOD,MSR_226,G_AVG,-,N,N,CELL,TCMC,TCMC_2
ML_MSR_227,EDS_ML,Cell_TCMC_227,MSRSUM_GOOD,MSR_227,G_AVG,-,N,N,CELL,TCMC,TCMC_2
ML_MSR_228,EDS_ML,Cell_TCMC_228,MSRSUM_GOOD,MSR_228,G_AVG,-,N,N,CELL,TCMC,TCMC_2
ML_MSR_229,EDS_ML,Cell_TCMC_229,MSRSUM_GOOD,MSR_229,G_AVG,-,N,N,CELL,TCMC,TCMC_2
ML_MSR_230,EDS_ML,Cell_TCMC_230,MSRSUM_GOOD,MSR_230,G_AVG,-,N,D,CELL,TCMC,TCMC_2
ML_MSR_231,EDS_ML,Cell_TCMC_231,MSRSUM_GOOD,MSR_231,G_AVG,-,N,D,CELL,TCMC,TCMC_2
ML_MSR_232,EDS_ML,Cell_TCMC_232,MSRSUM_GOOD,MSR_232,G_AVG,-,N,D,CELL,TCMC,TCMC_2
ML_MSR_233,EDS_ML,Cell_TCMC_233,MSRSUM_GOOD,MSR_233,G_AVG,-,N,D,CELL,TCMC,TCMC_2
ML_MSR_234,EDS_ML,Cell_TCMC_234,MSRSUM_GOOD,MSR_234,G_AVG,-,N,D,CELL,TCMC,TCMC_2
ML_MSR_235,EDS_ML,Cell_TCMC_235,MSRSUM_GOOD,MSR_235,G_AVG,-,N,D,CELL,TCMC,TCMC_2
ML_MSR_236,EDS_ML,Cell_TCMC_236,MSRSUM_GOOD,MSR_236,G_AVG,-,N,D,CELL,TCMC,TCMC_2
ML_MSR_237,EDS_ML,Cell_TCMC_237,MSRSUM_GOOD,MSR_237,G_AVG,-,N,D,CELL,TCMC,TCMC_2
ML_MSR_238,EDS_ML,Cell_TCMC_238,MSRSUM_GOOD,MSR_238,G_AVG,-,N,D,CELL,TCMC,TCMC_2
ML_MSR_239,EDS_ML,Cell_TCMC_239,MSRSUM_GOOD,MSR_239,G_AVG,-,N,D,CELL,TCMC,TCMC_2
ML_MSR_240,EDS_ML,Cell_TCMC_240,MSRSUM_GOOD,MSR_240,G_AVG,-,N,U,CELL,TCMC,TCMC_2
ML_MSR_241,EDS_ML,Cell_TCMC_241,MSRSUM_GOOD,MSR_241,G_AVG,-,N,U,CELL,TCMC,TCMC_2
ML_MSR_242,EDS_ML,Cell_TCMC_242,MSRSUM_GOOD,MSR_242,G_AVG,-,N,U,CELL,TCMC,TCMC_2
ML_MSR_243,EDS_ML,Cell_TCMC_243,MSRSUM_GOOD,MSR_243,G_AVG,-,N,U,CELL,TCMC,TCMC_2
ML_MSR_244,EDS_ML,Cell_TCMC_244,MSRSUM_GOOD,MSR_244,G_AVG,-,N,U,CELL,TCMC,TCMC_2
ML_MSR_245,EDS_ML,Cell_TCMC_245,MSRSUM_GOOD,MSR_245,G_AVG,-,N,U,CELL,TCMC,TCMC_2
ML_MSR_246,EDS_ML,Cell_TCMC_246,MSRSUM_GOOD,MSR_246,G_AVG,-,N,U,CELL,TCMC,TCMC_2
ML_MSR_247,EDS_ML,Cell_TCMC_247,MSRSUM_GOOD,MSR_247,G_AVG,-,N,U,CELL,TCMC,TCMC_2
ML_MSR_248,EDS_ML,Cell_TCMC_248,MSRSUM_GOOD,MSR_248,G_AVG,-,N,U,CELL,TCMC,TCMC_2
ML_MSR_249,EDS_ML,Cell_TCMC_249,MSRSUM_GOOD,MSR_249,G_AVG,-,N,U,CELL,TCMC,TCMC_2
ML_MSR_250,EDS_ML,Cell_WTC_250,MSRSUM_GOOD,MSR_250,G_AVG,-,N,N,CELL,WTC,WTC_1
ML_MSR_251,EDS_ML,Cell_WTC_251,MSRSUM_GOOD,MSR_251,G_AVG,-,N,N,CELL,WTC,WTC_1
ML_MSR_252,EDS_ML,Cell_WTC_252,MSRSUM_GOOD,MSR_252,G_AVG,-,N,N,CELL,WTC,WTC_1
ML_MSR_253,EDS_ML,Cell_WTC_253,MSRSUM_GOOD,MSR_253,G_AVG,-,N,N,CELL,WTC,WTC_1
ML_MSR_254,EDS_ML,Cell_WTC_254,MSRSUM_GOOD,MSR_254,G_AVG,-,N,N,CELL,WTC,WTC_1
ML_MSR_255,EDS_ML,Cell_WTC_255,MSRSUM_GOOD,MSR_255,G_AVG,-,N,N,CELL,WTC,WTC_1
ML_MSR_256,EDS_ML,Cell_WTC_256,MSRSUM_GOOD,MSR_256,G_AVG,-,N,N,CELL,WTC,WTC_1
ML_MSR_257,EDS_ML,Cell_WTC_257,MSRSUM_GOOD,MSR_257,G_AVG,-,N,N,CELL,WTC,WTC_1
ML_MSR_258,EDS_ML,Cell_WTC_258,MSRSUM_GOOD,MSR_258,G_AVG,-,N,N,CELL,WTC,WTC_1
ML_MSR_259,EDS_ML,Cell_WTC_259,MSRSUM_GOOD,MSR_259,G_AVG,-,N,N,CELL,WTC,WTC_1
ML_MSR_260,EDS_ML,Cell_WTC_260,MSRSUM_GOOD,MSR_260,G_AVG,-,N,D,CELL,WTC,WTC_1
ML_MSR_261,EDS_ML,Cell_WTC_261,MSRSUM_GOOD,MSR_261,G_AVG,-,N,D,CELL,WTC,WTC_1
ML_MSR_262,EDS_ML,Cell_WTC_262,MSRSUM_GOOD,MSR_262,G_AVG,-,N,D,CELL,WTC,WTC_1
ML_MSR_263,EDS_ML,Cell_WTC_263,MSRSUM_GOOD,MSR_263,G_AVG,-,N,D,CELL,WTC,WTC_1
ML_MSR_264,EDS_ML,Cell_WTC_264,MSRSUM_GOOD,MSR_264,G_AVG,-,N,D,CELL,WTC,WTC_1
ML_MSR_265,EDS_ML,Cell_WTC_265,MSRSUM_GOOD,MSR_265,G_AVG,-,N,D,CELL,WTC,WTC_1
ML_MSR_266,EDS_ML,Cell_WTC_266,MSRSUM_GOOD,MSR_266,G_AVG,-,N,D,CELL,WTC,WTC_1
ML_MSR_267,EDS_ML,Cell_WTC_267,MSRSUM_GOOD,MSR_267,G_AVG,-,N,D,CELL,WTC,WTC_1
ML_MSR_268,EDS_ML,Cell_WTC_268,MSRSUM_GOOD,MSR_268,G_AVG,-,N,D,CELL,WTC,WTC_1
ML_MSR_269,EDS_ML,Cell_WTC_269,MSRSUM_GOOD,MSR_269,G_AVG,-,N,D,CELL,WTC,WTC_1
ML_MSR_270,EDS_ML,Cell_WTC_270,MSRSUM_GOOD,MSR_270,G_AVG,-,N,U,CELL,WTC,WTC_1
ML_MSR_271,EDS_ML,Cell_WTC_271,MSRSUM_GOOD,MSR_271,G_AVG,-,N,U,CELL,WTC,WTC_1
ML_MSR_272,EDS_ML,Cell_WTC_272,MSRSUM_GOOD,MSR_272,G_AVG,-,N,U,CELL,WTC,WTC_1
ML_MSR_273,EDS_ML,Cell_WTC_273,MSRSUM_GOOD,MSR_273,G_AVG,-,N,U,CELL,WTC,WTC_1
ML_MSR_274,EDS_ML,Cell_WTC_274,MSRSUM_GOOD,MSR_274,G_AVG,-,N,U,CELL,WTC,WTC_1
ML_MSR_275,EDS_ML,Cell_WTC_275,MSRSUM_GOOD,MSR_275,G_AVG,-,N,U,CELL,WTC,WTC_2
ML_MSR_276,EDS_ML,Cell_WTC_276,MSRSUM_GOOD,MSR_276,G_AVG,-,N,U,CELL,WTC,WTC_2
ML_MSR_277,EDS_ML,Cell_WTC_277,MSRSUM_GOOD,MSR_277,G_AVG,-,N,U,CELL,WTC,WTC_2
ML_MSR_278,EDS_ML,Cell_WTC_278,MSRSUM_GOOD,MSR_278,G_AVG,-,N,U,CELL,WTC,WTC_2
ML_MSR_279,EDS_ML,Cell_WTC_279,MSRSUM_GOOD,MSR_279,G_AVG,-,N,U,CELL,WTC,WTC_2
ML_MSR_280,EDS_ML,Cell_WTC_280,MSRSUM_GOOD,MSR_280,G_AVG,-,N,N,CELL,WTC,WTC_2
ML_MSR_281,EDS_ML,Cell_WTC_281,MSRSUM_GOOD,MSR_281,G_AVG,-,N,N,CELL,WTC,WTC_2
ML_MSR_282,EDS_ML,Cell_WTC_282,MSRSUM_GOOD,MSR_282,G_AVG,-,N,N,CELL,WTC,WTC_2
ML_MSR_283,EDS_ML,Cell_WTC_283,MSRSUM_GOOD,MSR_283,G_AVG,-,N,N,CELL,WTC,WTC_2
ML_MSR_284,EDS_ML,Cell_WTC_284,MSRSUM_GOOD,MSR_284,G_AVG,-,N,N,CELL,WTC,WTC_2
ML_MSR_285,EDS_ML,Cell_WTC_285,MSRSUM_GOOD,MSR_285,G_AVG,-,N,N,CELL,WTC,WTC_2
ML_MSR_286,EDS_ML,Cell_WTC_286,MSRSUM_GOOD,MSR_286,G_AVG,-,N,N,CELL,WTC,WTC_2
ML_MSR_287,EDS_ML,Cell_WTC_287,MSRSUM_GOOD,MSR_287,G_AVG,-,N,N,CELL,WTC,WTC_2
ML_MSR_288,EDS_ML,Cell_WTC_288,MSRSUM_GOOD,MSR_288,G_AVG,-,N,N,CELL,WTC,WTC_2
ML_MSR_289,EDS_ML,Cell_WTC_289,MSRSUM_GOOD,MSR_289,G_AVG,-,N,N,CELL,WTC,WTC_2
ML_MSR_290,EDS_ML,Cell_WTC_290,MSRSUM_GOOD,MSR_290,G_AVG,-,N,D,CELL,WTC,WTC_2
ML_MSR_291,EDS_ML,Cell_WTC_291,MSRSUM_GOOD,MSR_291,G_AVG,-,N,D,CELL,WTC,WTC_2
ML_MSR_292,EDS_ML,Cell_WTC_292,MSRSUM_GOOD,MSR_292,G_AVG,-,N,D,CELL,WTC,WTC_2
ML_MSR_293,EDS_ML,Cell_WTC_293,MSRSUM_GOOD,MSR_293,G_AVG,-,N,D,CELL,WTC,WTC_2
ML_MSR_294,EDS_ML,Cell_WTC_294,MSRSUM_GOOD,MSR_294,G_AVG,-,N,D,CELL,WTC,WTC_2
ML_MSR_295,EDS_ML,Cell_WTC_295,MSRSUM_GOOD,MSR_295,G_AVG,-,N,D,CELL,WTC,WTC_2
ML_MSR_296,EDS_ML,Cell_WTC_296,MSRSUM_GOOD,MSR_296,G_AVG,-,N,D,CELL,WTC,WTC_2
ML_MSR_297,EDS_ML,Cell_WTC_297,MSRSUM_GOOD,MSR_297,G_AVG,-,N,D,CELL,WTC,WTC_2
ML_MSR_298,EDS_ML,Cell_WTC_298,MSRSUM_GOOD,MSR_298,G_AVG,-,N,D,CELL,WTC,WTC_2
ML_MSR_299,EDS_ML,Cell_WTC_299,MSRSUM_GOOD,MSR_299,G_AVG,-,N,D,CELL,WTC,WTC_2
